Id;CityName;N-2020-03-01;A-2020-03-01;N-2020-03-02;A-2020-03-02;N-2020-03-03;A-2020-03-03;N-2020-03-04;A-2020-03-04;N-2020-03-05;A-2020-03-05;N-2020-03-06;A-2020-03-06;N-2020-03-07;A-2020-03-07;N-2020-03-08;A-2020-03-08;N-2020-03-09;A-2020-03-09;N-2020-03-10;A-2020-03-10;N-2020-03-11;A-2020-03-11;N-2020-03-12;A-2020-03-12;N-2020-03-13;A-2020-03-13;N-2020-03-14;A-2020-03-14;N-2020-03-15;A-2020-03-15;N-2020-03-16;A-2020-03-16;N-2020-03-17;A-2020-03-17;N-2020-03-18;A-2020-03-18;N-2020-03-19;A-2020-03-19;N-2020-03-20;A-2020-03-20;N-2020-03-21;A-2020-03-21;N-2020-03-22;A-2020-03-22;N-2020-03-23;A-2020-03-23;N-2020-03-24;A-2020-03-24;N-2020-03-25;A-2020-03-25;N-2020-03-26;A-2020-03-26;N-2020-03-27;A-2020-03-27;N-2020-03-28;A-2020-03-28;N-2020-03-29;A-2020-03-29;N-2020-03-30;A-2020-03-30;N-2020-03-31;A-2020-03-31;N-2020-04-01;A-2020-04-01;N-2020-04-02;A-2020-04-02;N-2020-04-03;A-2020-04-03;N-2020-04-04;A-2020-04-04;N-2020-04-05;A-2020-04-05;N-2020-04-06;A-2020-04-06;N-2020-04-07;A-2020-04-07;N-2020-04-08;A-2020-04-08;N-2020-04-09;A-2020-04-09;N-2020-04-10;A-2020-04-10;N-2020-04-11;A-2020-04-11;N-2020-04-12;A-2020-04-12;N-2020-04-13;A-2020-04-13;N-2020-04-14;A-2020-04-14;N-2020-04-15;A-2020-04-15;N-2020-04-16;A-2020-04-16;N-2020-04-17;A-2020-04-17;N-2020-04-18;A-2020-04-18;N-2020-04-19;A-2020-04-19;N-2020-04-20;A-2020-04-20;N-2020-04-21;A-2020-04-21;N-2020-04-22;A-2020-04-22;N-2020-04-23;A-2020-04-23;N-2020-04-24;A-2020-04-24;N-2020-04-25;A-2020-04-25;N-2020-04-26;A-2020-04-26;N-2020-04-27;A-2020-04-27;N-2020-04-28;A-2020-04-28;N-2020-04-29;A-2020-04-29;N-2020-04-30;A-2020-04-30;N-2020-05-01;A-2020-05-01;N-2020-05-02;A-2020-05-02;N-2020-05-03;A-2020-05-03;N-2020-05-04;A-2020-05-04;N-2020-05-05;A-2020-05-05;N-2020-05-06;A-2020-05-06;N-2020-05-07;A-2020-05-07;N-2020-05-08;A-2020-05-08;N-2020-05-09;A-2020-05-09;N-2020-05-10;A-2020-05-10;N-2020-05-11;A-2020-05-11;N-2020-05-12;A-2020-05-12;N-2020-05-13;A-2020-05-13;N-2020-05-14;A-2020-05-14;N-2020-05-15;A-2020-05-15;N-2020-05-16;A-2020-05-16;N-2020-05-17;A-2020-05-17;N-2020-05-18;A-2020-05-18;N-2020-05-19;A-2020-05-19;N-2020-05-20;A-2020-05-20;N-2020-05-21;A-2020-05-21;N-2020-05-22;A-2020-05-22;N-2020-05-23;A-2020-05-23;N-2020-05-24;A-2020-05-24;N-2020-05-25;A-2020-05-25;N-2020-05-26;A-2020-05-26;N-2020-05-27;A-2020-05-27;N-2020-05-28;A-2020-05-28;N-2020-05-29;A-2020-05-29;N-2020-05-30;A-2020-05-30;N-2020-05-31;A-2020-05-31;N-2020-06-01;A-2020-06-01;N-2020-06-02;A-2020-06-02;N-2020-06-03;A-2020-06-03;N-2020-06-04;A-2020-06-04;N-2020-06-05;A-2020-06-05;N-2020-06-06;A-2020-06-06;N-2020-06-07;A-2020-06-07;N-2020-06-08;A-2020-06-08;N-2020-06-09;A-2020-06-09;N-2020-06-10;A-2020-06-10;N-2020-06-11;A-2020-06-11;N-2020-06-12;A-2020-06-12;N-2020-06-13;A-2020-06-13;N-2020-06-14;A-2020-06-14;N-2020-06-15;A-2020-06-15;N-2020-06-16;A-2020-06-16;N-2020-06-17;A-2020-06-17;N-2020-06-18;A-2020-06-18;N-2020-06-19;A-2020-06-19;N-2020-06-20;A-2020-06-20;N-2020-06-21;A-2020-06-21;N-2020-06-22;A-2020-06-22;N-2020-06-23;A-2020-06-23;N-2020-06-24;A-2020-06-24;N-2020-06-25;A-2020-06-25;N-2020-06-26;A-2020-06-26;N-2020-06-27;A-2020-06-27;N-2020-06-28;A-2020-06-28;N-2020-06-29;A-2020-06-29;N-2020-06-30;A-2020-06-30;N-2020-07-01;A-2020-07-01;N-2020-07-02;A-2020-07-02;N-2020-07-03;A-2020-07-03;N-2020-07-04;A-2020-07-04;N-2020-07-05;A-2020-07-05;N-2020-07-06;A-2020-07-06;N-2020-07-07;A-2020-07-07;N-2020-07-08;A-2020-07-08;N-2020-07-09;A-2020-07-09;N-2020-07-10;A-2020-07-10;N-2020-07-11;A-2020-07-11;N-2020-07-12;A-2020-07-12;N-2020-07-13;A-2020-07-13;N-2020-07-14;A-2020-07-14;N-2020-07-15;A-2020-07-15;N-2020-07-16;A-2020-07-16;N-2020-07-17;A-2020-07-17;N-2020-07-18;A-2020-07-18;N-2020-07-19;A-2020-07-19;N-2020-07-20;A-2020-07-20;N-2020-07-21;A-2020-07-21;N-2020-07-22;A-2020-07-22;N-2020-07-23;A-2020-07-23;N-2020-07-24;A-2020-07-24;N-2020-07-25;A-2020-07-25;N-2020-07-26;A-2020-07-26;N-2020-07-27;A-2020-07-27;N-2020-07-28;A-2020-07-28;N-2020-07-29;A-2020-07-29;N-2020-07-30;A-2020-07-30;N-2020-07-31;A-2020-07-31;N-2020-08-01;A-2020-08-01;N-2020-08-02;A-2020-08-02;N-2020-08-03;A-2020-08-03;N-2020-08-04;A-2020-08-04;N-2020-08-05;A-2020-08-05;N-2020-08-06;A-2020-08-06;N-2020-08-07;A-2020-08-07;N-2020-08-08;A-2020-08-08;N-2020-08-09;A-2020-08-09;N-2020-08-10;A-2020-08-10;N-2020-08-11;A-2020-08-11;N-2020-08-12;A-2020-08-12;N-2020-08-13;A-2020-08-13;N-2020-08-14;A-2020-08-14;N-2020-08-15;A-2020-08-15;N-2020-08-16;A-2020-08-16;N-2020-08-17;A-2020-08-17;N-2020-08-18;A-2020-08-18;N-2020-08-19;A-2020-08-19;N-2020-08-20;A-2020-08-20;N-2020-08-21;A-2020-08-21;N-2020-08-22;A-2020-08-22;N-2020-08-23;A-2020-08-23;N-2020-08-24;A-2020-08-24;N-2020-08-25;A-2020-08-25;N-2020-08-26;A-2020-08-26;N-2020-08-27;A-2020-08-27;N-2020-08-28;A-2020-08-28;N-2020-08-29;A-2020-08-29;N-2020-08-30;A-2020-08-30;N-2020-08-31;A-2020-08-31;N-2020-09-01;A-2020-09-01;N-2020-09-02;A-2020-09-02;N-2020-09-03;A-2020-09-03;N-2020-09-04;A-2020-09-04;N-2020-09-05;A-2020-09-05;N-2020-09-06;A-2020-09-06;N-2020-09-07;A-2020-09-07;N-2020-09-08;A-2020-09-08;N-2020-09-09;A-2020-09-09;N-2020-09-10;A-2020-09-10;N-2020-09-11;A-2020-09-11;N-2020-09-12;A-2020-09-12;N-2020-09-13;A-2020-09-13;N-2020-09-14;A-2020-09-14;N-2020-09-15;A-2020-09-15;N-2020-09-16;A-2020-09-16;N-2020-09-17;A-2020-09-17;N-2020-09-18;A-2020-09-18;N-2020-09-19;A-2020-09-19;N-2020-09-20;A-2020-09-20;N-2020-09-21;A-2020-09-21;N-2020-09-22;A-2020-09-22;N-2020-09-23;A-2020-09-23;N-2020-09-24;A-2020-09-24;N-2020-09-25;A-2020-09-25;N-2020-09-26;A-2020-09-26;N-2020-09-27;A-2020-09-27;N-2020-09-28;A-2020-09-28;N-2020-09-29;A-2020-09-29;N-2020-09-30;A-2020-09-30;N-2020-10-01;A-2020-10-01;N-2020-10-02;A-2020-10-02;N-2020-10-03;A-2020-10-03;N-2020-10-04;A-2020-10-04;N-2020-10-05;A-2020-10-05;N-2020-10-06;A-2020-10-06;N-2020-10-07;A-2020-10-07;N-2020-10-08;A-2020-10-08;N-2020-10-09;A-2020-10-09;N-2020-10-10;A-2020-10-10;N-2020-10-11;A-2020-10-11;N-2020-10-12;A-2020-10-12;N-2020-10-13;A-2020-10-13;N-2020-10-14;A-2020-10-14;N-2020-10-15;A-2020-10-15;N-2020-10-16;A-2020-10-16;N-2020-10-17;A-2020-10-17;N-2020-10-18;A-2020-10-18;N-2020-10-19;A-2020-10-19;N-2020-10-20;A-2020-10-20;N-2020-10-21;A-2020-10-21;N-2020-10-22;A-2020-10-22;N-2020-10-23;A-2020-10-23;N-2020-10-24;A-2020-10-24;N-2020-10-25;A-2020-10-25;N-2020-10-26;A-2020-10-26;N-2020-10-27;A-2020-10-27;N-2020-10-28;A-2020-10-28;N-2020-10-29;A-2020-10-29;N-2020-10-30;A-2020-10-30;N-2020-10-31;A-2020-10-31;N-2020-11-01;A-2020-11-01;N-2020-11-02;A-2020-11-02;N-2020-11-03;A-2020-11-03;N-2020-11-04;A-2020-11-04;N-2020-11-05;A-2020-11-05;N-2020-11-06;A-2020-11-06;N-2020-11-07;A-2020-11-07;N-2020-11-08;A-2020-11-08;N-2020-11-09;A-2020-11-09;N-2020-11-10;A-2020-11-10;N-2020-11-11;A-2020-11-11;N-2020-11-12;A-2020-11-12;N-2020-11-13;A-2020-11-13;N-2020-11-14;A-2020-11-14;N-2020-11-15;A-2020-11-15;N-2020-11-16;A-2020-11-16;N-2020-11-17;A-2020-11-17;N-2020-11-18;A-2020-11-18;N-2020-11-19;A-2020-11-19;N-2020-11-20;A-2020-11-20;N-2020-11-21;A-2020-11-21;N-2020-11-22;A-2020-11-22;N-2020-11-23;A-2020-11-23;N-2020-11-24;A-2020-11-24;N-2020-11-25;A-2020-11-25;N-2020-11-26;A-2020-11-26;N-2020-11-27;A-2020-11-27;N-2020-11-28;A-2020-11-28;
500054;praha 1;0;0;0;0;0;0;0;0;0;0;0;0;0;0;0;0;0;0;2;2;0;2;0;2;0;2;0;2;1;3;0;3;0;3;0;3;3;6;1;7;0;7;0;7;1;8;1;9;1;10;2;12;2;14;1;15;1;16;1;17;1;18;2;20;2;21;1;21;0;21;2;23;0;23;0;23;0;23;2;24;2;24;0;24;0;24;0;24;0;23;1;20;1;18;0;15;1;16;0;13;2;15;0;12;0;11;0;10;1;11;0;10;1;11;0;9;1;10;2;12;3;15;1;15;0;15;0;15;0;15;0;15;2;17;0;16;0;16;0;16;0;15;1;14;0;14;0;13;0;11;0;10;1;11;0;11;0;10;0;9;1;6;0;5;0;5;0;5;1;6;0;6;0;6;0;5;0;5;1;6;0;5;1;6;0;6;0;5;1;6;0;6;0;5;0;5;0;5;0;5;0;5;1;5;0;5;0;4;1;5;0;5;0;5;1;6;0;5;0;4;1;5;0;5;0;5;1;6;0;6;2;8;0;8;0;8;1;8;0;8;0;8;1;8;1;9;0;9;0;8;0;8;0;8;0;8;0;5;0;4;2;6;0;6;0;6;0;6;0;6;1;7;0;6;1;6;0;6;0;6;0;6;1;7;0;7;0;5;2;6;1;7;0;7;0;7;1;7;2;9;2;10;1;11;1;11;2;13;1;14;2;16;1;17;0;15;0;15;2;17;0;16;0;16;2;14;2;14;1;14;4;18;1;14;0;13;1;14;1;14;4;18;2;20;3;22;1;22;5;27;0;27;4;30;0;28;5;30;1;29;3;31;1;32;2;33;0;31;4;32;4;34;6;36;6;41;4;40;2;42;2;41;8;49;10;54;9;61;10;62;8;63;2;61;6;62;11;69;9;78;24;101;19;112;14;118;8;116;5;108;10;112;18;127;14;132;17;137;12;137;4;126;5;113;6;107;8;107;19;119;11;122;16;125;8;125;9;114;20;125;22;144;15;155;28;176;11;178;6;166;29;179;24;192;25;211;18;219;36;231;30;242;10;235;25;237;29;258;43;294;46;311;30;317;22;319;5;302;23;289;33;289;21;305;23;281;22;266;16;245;6;217;9;199;11;202;29;226;15;205;20;195;8;193;2;172;13;158;19;169;10;174;13;173;9;167;3;149;3;130;8;123;10;130;8;133;5;118;6;113;6;109;2;104;6;101;6;104;2;106;8;112;5;116;1;116;
500224;praha 10;0;0;0;0;0;0;0;0;0;0;0;0;0;0;0;0;0;0;0;0;0;0;0;0;0;0;1;1;0;1;0;1;1;2;1;3;7;10;1;11;3;14;1;15;2;17;6;23;3;26;4;30;9;39;5;43;1;44;2;46;7;53;2;54;3;57;4;58;3;59;1;60;3;63;2;62;1;61;2;61;5;65;1;61;3;64;1;61;0;55;3;50;0;45;0;40;1;40;1;40;0;37;1;34;3;34;0;30;1;28;0;26;0;26;0;23;0;22;1;22;2;23;2;23;0;23;0;23;0;22;2;22;0;21;0;18;0;18;5;22;0;21;1;21;0;17;1;16;1;15;0;13;0;13;0;12;4;15;2;15;2;17;0;15;3;17;0;17;0;17;0;17;0;15;0;14;1;15;3;18;1;19;1;20;1;21;1;21;3;24;0;20;0;19;0;19;0;19;1;20;2;21;0;17;2;18;3;20;2;22;2;23;0;21;2;21;2;22;3;25;0;25;1;26;1;26;2;28;2;30;1;27;8;32;3;34;2;36;1;36;0;35;0;33;1;32;1;33;2;35;0;35;2;36;1;36;0;34;1;19;0;16;1;15;2;17;0;17;2;16;1;17;2;17;2;17;2;17;2;19;2;18;4;22;6;27;3;30;4;34;10;41;2;43;3;46;4;49;7;53;6;58;0;54;3;57;3;57;1;56;2;51;7;54;4;55;5;49;4;49;4;49;4;53;3;46;9;52;9;59;7;64;6;65;4;67;3;69;4;67;6;69;9;74;2;73;13;78;11;87;4;86;4;80;3;75;8;79;9;83;5;79;0;76;12;84;5;77;11;83;16;93;13;94;18;105;11;112;21;132;7;135;21;152;21;162;31;190;15;193;45;216;22;222;26;227;12;224;35;244;53;285;33;297;36;315;16;304;31;304;27;305;44;329;46;351;36;366;30;368;33;362;17;350;27;340;36;359;45;371;32;382;17;360;74;397;22;385;77;441;61;470;50;504;106;580;36;580;48;588;62;613;88;652;87;704;95;772;117;815;77;824;77;842;82;840;140;944;103;998;126;1062;121;1093;108;1127;61;1061;90;1041;134;1079;70;1090;114;1080;103;1051;73;1008;28;902;50;838;70;841;63;845;79;808;56;747;30;695;16;630;21;556;49;570;44;584;31;527;30;485;13;438;15;406;21;381;26;384;20;388;21;368;39;365;9;335;12;323;14;310;34;333;26;357;17;374;29;400;11;409;
547034;praha 11;0;0;0;0;0;0;0;0;0;0;0;0;0;0;0;0;0;0;0;0;0;0;2;2;0;2;1;3;2;5;1;6;6;12;0;12;5;17;4;21;2;23;0;22;1;23;0;23;10;32;4;36;10;45;1;46;4;49;2;50;4;52;4;54;0;54;4;54;2;54;1;54;0;52;3;53;9;59;2;59;2;58;1;58;2;58;1;55;0;51;2;48;2;49;2;44;1;43;2;41;4;44;0;41;3;33;0;32;2;31;0;30;0;30;0;29;0;27;1;26;5;28;0;26;0;26;0;22;2;24;2;22;0;20;2;19;0;19;1;18;0;18;1;19;1;20;2;21;1;20;2;18;0;18;2;20;1;18;1;19;1;19;0;19;1;17;0;15;0;15;1;15;0;12;0;11;2;12;1;12;0;12;0;11;1;8;1;9;0;9;1;10;1;9;0;9;1;10;0;10;1;11;0;11;0;9;0;9;0;9;0;9;0;8;0;7;0;6;1;5;1;6;0;5;0;5;1;4;0;3;1;4;0;3;0;3;0;2;0;2;0;2;0;1;0;1;0;1;1;1;0;1;0;1;0;1;0;1;0;0;1;0;2;2;1;3;1;4;0;4;1;5;0;5;1;6;1;6;1;7;0;7;1;8;3;11;3;14;2;14;2;16;1;16;2;17;2;17;3;20;5;25;1;26;4;28;2;30;6;35;0;31;2;32;1;32;0;31;0;27;1;27;1;27;4;27;3;29;4;29;2;27;4;28;2;27;5;26;1;27;2;27;3;29;1;30;5;35;1;36;3;37;4;35;2;34;1;33;3;34;10;41;5;42;5;42;1;39;3;42;6;44;5;46;10;54;9;63;7;69;9;74;15;86;9;92;13;104;20;113;28;129;10;132;13;132;13;135;25;155;40;183;24;195;17;203;16;205;9;189;24;195;28;215;33;230;32;240;24;240;18;229;15;221;22;230;29;245;33;266;22;266;19;263;21;257;14;236;38;253;48;285;53;320;72;371;26;369;25;362;27;365;68;408;62;457;83;518;70;557;69;556;38;542;48;555;89;627;91;692;80;745;83;759;69;769;61;737;81;754;95;779;66;803;77;787;65;759;75;757;40;706;40;651;48;649;78;682;47;633;48;588;16;560;9;510;31;465;29;457;32;459;30;421;28;389;16;350;3;320;19;302;14;307;20;318;22;304;35;304;9;293;5;267;17;257;33;282;18;299;7;304;22;323;17;339;
547107;praha 12;0;0;0;0;0;0;0;0;0;0;0;0;0;0;0;0;0;0;0;0;0;0;1;1;0;1;3;4;1;5;0;5;2;7;1;8;3;11;1;12;2;14;3;17;0;17;1;17;2;19;5;24;7;29;0;29;2;30;4;34;4;38;4;42;2;44;4;45;2;45;3;48;1;47;0;45;2;46;1;46;3;46;0;46;2;46;1;45;1;45;1;42;1;41;2;39;1;39;1;38;3;39;0;33;1;32;0;30;1;29;0;26;0;26;0;23;0;21;1;21;1;20;2;18;0;18;0;18;2;19;0;18;0;17;0;16;0;16;0;15;0;14;1;12;0;11;1;12;1;12;0;9;0;9;0;9;1;10;0;10;0;10;0;10;2;11;0;10;0;10;0;10;0;10;0;8;0;8;1;9;3;12;0;12;0;12;1;12;4;15;1;13;0;11;0;10;0;10;0;10;0;9;0;9;1;10;0;10;0;8;0;8;0;6;0;5;0;3;2;4;2;6;0;6;0;6;0;5;0;4;0;4;0;4;0;4;0;4;0;3;0;3;0;3;0;3;0;3;0;2;0;2;0;2;0;1;0;1;0;-2;0;-2;2;0;0;0;0;0;0;0;0;0;0;0;0;0;0;0;0;0;1;1;1;2;5;7;2;9;0;8;6;13;0;13;3;16;2;17;0;17;1;18;4;22;2;24;1;25;0;24;4;25;1;25;0;22;1;22;1;19;6;23;1;23;1;23;2;23;4;26;2;27;0;23;5;28;3;28;1;28;7;33;4;37;2;38;6;43;4;40;0;39;2;40;6;45;3;44;0;43;2;44;0;39;5;40;2;41;3;36;3;36;6;37;9;43;15;56;3;59;2;59;12;64;14;74;6;79;9;83;18;92;18;104;9;105;13;105;18;120;32;148;28;164;17;171;12;176;18;183;31;199;21;203;24;218;35;239;34;258;43;268;10;252;14;248;35;267;31;279;28;275;22;280;19;276;20;262;27;252;48;264;37;289;63;339;33;338;13;321;24;317;55;346;88;421;43;444;53;460;61;467;32;457;40;454;60;494;72;550;78;602;79;616;52;603;31;577;44;556;43;543;58;579;56;570;55;554;42;521;19;462;29;426;53;453;54;492;40;471;39;440;20;435;8;380;21;352;42;380;32;396;25;361;21;334;15;316;4;286;18;275;10;270;13;276;22;258;28;253;13;247;7;229;11;221;21;232;18;250;15;264;17;278;3;281;
539694;praha 13;0;0;0;0;0;0;0;0;0;0;0;0;0;0;0;0;0;0;0;0;0;0;0;0;0;0;0;0;2;2;5;7;4;11;1;12;2;14;5;19;3;22;0;22;2;24;1;25;0;25;1;26;1;27;1;28;1;29;2;31;3;32;1;32;4;36;0;35;1;36;0;36;3;26;2;26;4;30;2;31;0;31;1;31;0;29;1;29;0;27;3;28;1;26;1;25;1;25;0;25;0;24;0;24;0;20;0;19;0;19;0;19;0;18;0;14;0;10;0;7;2;8;0;7;0;6;0;6;0;6;0;5;0;3;0;3;1;3;0;3;0;3;0;3;0;3;1;4;0;4;0;4;1;4;1;5;0;3;0;3;2;5;0;4;1;5;0;4;0;4;0;4;0;3;0;3;0;3;0;3;0;2;0;2;2;4;0;4;2;6;0;6;0;6;0;6;1;7;0;6;0;6;2;8;0;7;0;7;4;9;1;8;0;8;1;8;1;9;1;10;1;11;0;11;2;13;0;13;2;15;2;17;1;18;1;19;0;18;1;19;0;19;0;19;1;20;3;20;0;20;0;20;1;21;0;21;0;15;1;12;1;10;0;8;0;8;0;8;2;7;0;7;1;6;0;5;1;5;1;6;4;10;0;10;2;11;3;12;2;13;2;15;2;17;1;18;3;19;2;20;2;22;2;24;2;26;1;25;0;21;2;23;4;25;1;24;2;23;1;23;2;24;0;22;1;19;4;21;4;22;8;30;6;34;3;36;1;35;3;36;3;36;3;37;5;40;7;47;1;47;2;48;2;49;4;48;5;49;9;51;7;52;1;48;6;52;5;54;9;60;10;67;13;73;9;77;4;77;7;84;4;82;10;87;13;94;10;94;15;97;15;102;11;96;13;97;16;107;23;129;29;151;22;163;14;167;10;167;20;171;20;177;23;192;16;197;31;208;14;200;4;179;14;176;10;172;16;178;29;191;34;204;13;198;38;217;24;219;34;243;40;278;42;306;53;349;32;367;29;369;22;346;69;384;55;426;59;462;81;501;62;521;42;517;50;527;76;578;87;638;96;695;83;723;52;715;60;708;63;694;102;730;61;756;90;774;52;743;59;704;31;657;30;608;45;605;40;609;42;553;62;501;23;478;9;423;17;392;30;378;29;392;21;355;21;324;22;316;8;275;7;246;23;253;16;260;17;249;34;252;16;251;5;231;17;222;18;234;23;257;31;285;24;308;12;318;
547361;praha 14;0;0;0;0;0;0;0;0;0;0;0;0;0;0;0;0;0;0;1;1;0;1;0;1;3;4;1;5;0;5;1;6;0;6;1;7;2;9;2;11;2;13;2;15;1;16;1;17;1;18;1;18;1;19;0;19;0;19;2;20;0;20;1;21;0;21;1;22;2;24;0;23;7;30;0;29;4;31;1;30;3;32;0;31;0;30;0;30;0;29;0;29;1;24;2;24;1;21;0;21;0;18;2;17;0;15;0;14;0;13;2;14;0;14;0;14;0;14;0;12;0;12;0;12;0;12;0;11;0;11;1;6;1;6;1;7;0;6;0;6;0;6;0;6;1;6;0;6;0;6;0;6;1;7;1;8;0;6;0;5;0;5;0;5;1;6;0;5;0;5;0;5;0;5;0;5;0;4;0;4;0;4;0;4;0;4;0;4;0;4;0;3;0;2;0;2;0;2;0;1;0;1;1;2;0;2;2;4;0;4;2;6;0;6;0;5;1;6;1;7;1;8;1;9;0;9;0;9;1;10;0;9;0;9;0;9;0;7;1;8;0;7;0;6;1;7;1;6;3;9;0;9;0;8;0;8;0;7;1;7;0;7;0;7;0;7;1;8;0;8;1;8;0;8;3;7;0;7;3;10;1;11;0;11;1;12;2;14;1;15;4;18;1;19;0;17;3;20;0;19;2;19;3;19;1;20;2;21;1;22;0;22;4;24;3;27;2;24;4;27;2;29;4;33;3;31;3;33;3;34;0;33;1;30;1;31;0;31;4;31;1;28;0;25;2;24;4;28;1;25;0;22;3;21;3;22;2;23;3;25;7;31;1;31;6;35;2;35;5;39;3;39;9;46;6;52;0;51;2;51;4;51;7;57;9;61;12;67;3;63;15;70;5;69;8;72;8;78;19;94;14;103;17;109;15;114;10;113;8;113;18;124;11;132;12;135;18;140;16;141;11;145;8;141;9;146;13;152;21;158;15;164;17;178;11;183;11;177;25;187;10;190;22;203;50;243;22;253;14;245;23;251;28;261;37;292;26;305;34;317;38;323;22;315;41;336;48;368;50;405;58;437;57;467;47;477;15;453;39;447;65;476;36;497;57;501;52;495;38;473;26;450;32;419;24;424;19;426;36;396;33;360;12;350;8;301;15;269;29;280;31;299;19;279;14;268;7;249;5;230;10;216;19;223;22;234;21;215;21;214;9;211;5;199;7;192;18;205;13;217;28;245;6;250;4;254;
547387;praha 15;0;0;0;0;0;0;0;0;0;0;0;0;0;0;0;0;0;0;0;0;1;1;0;1;0;1;1;2;1;3;2;5;0;5;0;5;11;16;3;19;5;24;0;24;2;26;4;30;2;32;2;34;1;35;5;40;2;42;2;43;3;46;4;50;5;54;3;57;1;55;1;55;3;57;0;56;0;53;1;46;2;44;0;42;0;39;0;39;2;39;2;40;2;39;2;38;4;39;0;37;0;33;1;33;0;29;0;29;0;27;1;25;0;25;0;23;0;22;0;21;0;19;0;19;0;19;0;19;0;17;0;14;0;13;1;13;0;13;1;13;0;12;0;12;0;11;0;9;0;8;2;9;1;10;2;12;0;12;0;11;1;11;0;10;0;10;0;10;0;10;0;10;0;9;0;9;0;8;0;8;0;8;0;7;0;6;0;5;2;3;0;3;0;3;1;4;0;4;1;5;0;4;2;6;0;6;1;7;1;7;1;8;1;8;1;9;0;9;1;9;2;11;0;11;0;11;0;11;0;11;1;11;1;12;0;11;1;12;0;11;0;9;2;11;1;11;2;11;0;11;0;11;0;11;0;11;1;12;2;8;0;8;0;8;0;7;0;6;1;7;0;5;2;6;2;8;1;9;0;9;0;9;1;9;3;11;2;12;5;17;8;25;6;31;0;31;1;31;0;31;1;28;1;29;5;33;4;37;0;35;3;35;4;38;2;36;5;36;3;28;2;29;1;30;0;30;2;31;2;32;2;31;0;30;1;27;1;25;4;24;6;28;4;28;3;28;5;30;1;30;0;30;0;29;1;26;2;28;2;29;0;27;5;31;5;34;1;27;0;24;3;23;3;24;8;31;1;31;7;38;4;40;14;52;11;59;12;70;9;78;15;87;7;89;8;90;11;98;16;109;40;140;10;141;37;166;16;174;19;180;23;191;15;199;26;217;13;217;18;226;19;207;11;206;16;182;14;178;25;188;21;187;10;174;30;188;12;184;28;197;37;217;32;238;50;270;23;282;14;273;31;285;47;302;36;328;44;359;44;376;39;371;25;361;36;357;56;393;66;444;53;466;67;487;49;501;35;474;39;468;44;474;32;485;47;483;38;449;41;435;16;390;26;343;24;340;25;346;38;334;24;312;13;290;7;260;19;242;22;238;18;239;17;224;13;206;13;193;4;178;18;173;20;188;11;189;14;175;15;176;5;168;3;157;10;150;14;158;12;169;3;171;7;175;3;178;
500089;praha 2;0;0;0;0;0;0;0;0;0;0;0;0;0;0;0;0;0;0;2;2;0;2;0;2;0;2;0;2;3;5;0;5;0;5;0;5;1;6;1;7;4;11;3;14;2;16;1;17;5;20;1;20;2;22;4;25;1;26;0;26;4;30;5;34;4;38;8;45;2;46;1;47;0;46;1;47;0;46;12;55;4;58;1;57;0;57;0;56;0;50;0;49;1;37;0;33;0;32;2;27;0;26;1;22;0;21;0;20;3;22;0;22;0;22;0;22;0;22;0;22;0;15;0;12;0;11;0;11;1;10;0;9;0;9;0;9;5;14;0;14;0;14;2;16;0;16;0;15;0;15;0;15;1;15;0;15;0;15;1;16;1;15;0;15;0;15;0;13;0;13;1;12;1;13;0;11;1;12;1;12;0;11;1;12;0;12;1;13;1;13;1;12;0;12;0;12;0;11;0;11;0;10;1;10;0;9;0;7;1;7;0;7;0;5;1;6;0;6;1;6;0;6;0;5;1;6;0;6;1;6;0;5;0;4;0;4;0;4;0;4;0;4;0;4;0;4;0;3;0;3;0;2;1;3;0;2;0;2;0;1;0;1;0;1;0;1;1;2;1;3;1;4;2;6;0;4;0;4;1;5;4;9;0;9;4;13;2;15;3;17;4;21;2;23;3;25;1;25;3;27;2;28;1;28;2;27;1;28;1;28;1;26;2;22;4;24;2;24;3;21;0;19;1;18;4;21;4;25;3;26;5;30;4;32;0;31;5;35;1;34;6;40;5;40;4;41;9;49;7;56;5;59;1;57;4;58;7;62;4;63;12;70;3;72;7;74;4;75;9;80;15;88;9;92;14;98;2;96;6;95;8;102;16;115;16;125;11;130;14;127;22;129;11;125;4;114;8;120;14;129;26;140;19;148;21;155;11;156;10;148;24;157;18;166;19;181;26;196;16;199;12;189;12;195;23;204;29;223;17;228;10;217;29;233;22;242;20;239;34;259;34;284;21;292;55;325;16;311;14;306;34;327;29;323;54;364;34;376;49;391;33;386;18;370;38;374;53;411;50;449;52;473;50;483;34;472;25;450;39;437;41;445;22;454;30;432;26;406;18;374;14;333;19;298;23;298;29;315;22;291;18;270;7;267;4;239;6;224;24;235;11;232;14;220;8;200;5;189;3;174;9;166;10;171;6;174;7;162;13;160;5;156;1;144;9;146;9;153;15;168;5;172;7;178;0;177;
500097;praha 3;0;0;0;0;0;0;0;0;0;0;0;0;2;2;0;2;0;2;1;3;0;3;0;3;1;4;0;4;0;4;0;4;0;4;3;7;1;8;0;8;2;8;4;12;2;14;2;16;7;23;5;27;4;31;2;33;2;35;4;38;2;40;6;46;7;52;1;52;0;50;1;51;3;52;1;52;3;54;3;55;1;48;0;48;1;48;1;45;1;43;3;41;0;36;1;30;1;29;2;24;2;23;0;22;1;20;0;19;0;14;1;15;0;13;0;13;0;13;0;13;2;14;0;12;0;11;1;11;2;12;5;17;1;15;0;13;1;13;2;14;1;15;1;16;1;17;1;18;2;17;1;18;2;18;0;18;1;19;0;18;1;18;0;18;6;23;0;23;0;22;0;20;0;17;3;18;1;18;1;19;0;19;1;20;0;20;2;20;0;20;1;19;0;18;0;17;0;14;2;14;1;13;2;10;2;12;0;12;2;12;0;12;0;11;0;11;1;12;1;13;1;14;0;14;0;14;0;12;2;14;0;12;0;9;0;8;0;7;2;9;0;9;0;9;0;8;0;7;1;6;0;4;0;4;0;4;1;3;1;4;0;4;0;4;1;4;0;3;1;4;1;5;0;5;1;6;2;8;0;7;1;8;1;8;4;11;5;16;4;20;4;24;2;24;2;26;3;28;1;28;3;31;3;32;4;34;2;35;1;35;4;39;6;42;2;43;4;39;3;40;5;44;2;46;6;48;6;53;9;61;10;64;5;64;4;66;3;67;4;69;7;69;5;71;1;68;8;73;12;81;4;82;8;82;4;83;14;88;6;84;17;97;2;94;16;108;3;105;8;107;7;110;19;124;13;132;6;125;14;135;12;141;34;172;25;182;31;205;18;200;31;217;21;213;19;216;15;218;36;248;49;274;19;267;28;272;16;264;22;262;14;251;30;265;27;271;19;264;24;258;28;252;15;255;18;259;31;283;36;301;18;311;21;316;49;353;21;356;52;386;34;398;38;418;68;468;28;467;20;452;34;461;54;479;69;523;61;561;65;574;51;563;33;569;41;567;75;615;84;682;84;725;75;740;67;739;18;683;45;669;87;705;53;724;44;707;65;684;44;646;16;571;36;538;38;553;51;588;41;549;33;516;24;505;10;454;15;413;35;427;43;461;24;429;13;399;10;372;5;346;19;334;11;330;16;339;16;319;15;305;10;283;3;266;21;268;27;289;13;296;16;311;11;319;5;324;
500119;praha 4;0;0;0;0;0;0;0;0;0;0;2;2;0;2;0;2;0;2;1;3;1;4;2;6;0;6;2;8;3;11;0;11;1;12;5;17;11;28;3;31;4;35;5;40;1;41;14;52;22;71;9;80;34;113;8;118;8;124;5;126;9;133;19;151;12;160;13;170;6;170;10;178;1;175;10;179;6;176;4;171;2;172;2;163;1;154;2;151;3;146;9;144;3;138;4;132;4;127;4;125;22;142;1;131;2;128;0;120;1;110;1;106;0;105;1;103;6;104;5;103;3;101;0;93;1;93;0;80;3;79;1;73;1;66;5;67;1;62;0;59;2;59;2;59;0;57;2;55;1;51;1;48;1;48;0;47;4;47;1;44;1;45;1;41;2;42;0;41;0;41;0;39;0;38;1;38;2;39;3;40;2;40;0;39;1;19;2;21;1;20;4;23;2;24;0;23;1;24;2;25;1;24;1;21;2;20;6;23;3;25;1;26;1;27;2;28;1;28;2;28;1;29;0;29;3;32;1;33;1;33;1;32;1;32;0;30;0;30;1;31;0;30;1;26;1;27;3;28;2;25;0;23;0;22;6;27;1;25;0;21;2;21;3;23;0;23;0;23;1;24;1;23;0;22;2;20;1;20;1;20;1;21;0;20;4;19;4;21;4;23;3;26;10;35;8;42;3;43;7;50;15;64;9;72;7;78;3;81;4;83;9;91;9;97;10;102;9;106;10;109;4;103;3;102;8;106;8;106;10;110;10;111;6;112;5;112;2;105;7;100;4;95;6;89;5;86;14;93;8;95;4;96;7;91;5;90;10;88;9;90;15;101;11;107;10;112;5;110;9;111;11;111;23;127;15;129;20;144;9;151;12;157;35;187;33;206;29;228;21;228;39;244;27;248;22;247;31;262;40;295;67;346;50;366;43;375;33;379;22;363;44;382;45;407;60;440;35;436;34;438;34;417;22;397;30;386;54;411;63;450;53;463;37;451;30;433;47;441;56;469;100;535;84;598;125;692;59;702;43;683;56;682;133;768;126;877;130;958;130;1017;145;1030;56;1002;89;1017;123;1102;145;1201;168;1300;148;1322;133;1348;86;1275;144;1274;152;1299;114;1375;122;1354;118;1332;86;1263;50;1155;58;1021;82;1017;109;1085;63;965;75;887;51;879;18;799;48;725;60;740;78;784;51;731;44;686;18;632;15;578;50;560;25;559;26;558;120;602;46;588;27;564;9;530;39;536;52;567;40;603;20;621;42;659;14;673;
500143;praha 5;1;1;0;1;0;1;1;2;0;2;0;2;0;2;0;2;1;3;1;4;0;4;0;4;0;4;1;5;5;10;2;12;0;12;0;12;8;20;5;24;1;24;2;26;4;30;4;34;5;39;7;46;4;49;1;50;4;54;3;57;4;60;5;63;7;70;6;74;0;72;6;77;4;77;3;77;3;77;3;74;1;71;4;73;0;66;1;66;0;60;2;59;1;53;3;51;1;51;0;51;2;46;1;44;0;41;0;38;0;35;0;30;0;30;0;24;0;20;0;18;0;16;1;16;0;16;0;15;0;12;0;10;0;7;1;6;3;9;0;9;0;9;0;9;1;9;4;13;0;12;0;11;1;11;1;12;1;13;1;14;0;14;0;14;0;14;0;13;0;13;0;12;0;12;0;11;0;11;0;11;2;13;1;14;0;14;2;12;3;13;0;12;0;11;0;11;1;12;0;10;0;10;3;12;0;12;0;10;0;10;0;10;0;9;1;9;0;9;1;10;3;13;1;14;2;16;0;16;1;17;1;17;1;18;1;17;0;17;0;17;0;17;0;17;1;17;0;17;1;12;0;11;2;13;1;14;1;15;1;14;1;11;0;11;0;11;0;11;1;12;0;11;1;12;1;11;1;10;1;10;2;10;1;10;5;14;2;15;5;20;9;29;3;32;1;33;3;35;5;40;3;41;5;46;5;49;2;49;0;49;2;49;5;47;4;49;5;50;6;53;3;48;1;48;4;49;7;50;7;51;12;62;11;70;3;72;2;73;2;70;4;67;7;71;3;69;12;77;7;80;3;83;0;80;4;79;11;83;5;74;6;71;7;75;7;80;6;84;3;80;13;88;10;88;28;106;12;114;7;119;16;133;23;153;28;168;18;174;23;188;19;185;13;178;24;179;33;199;37;230;43;255;38;270;28;277;23;282;21;273;32;291;40;321;40;336;38;345;26;338;15;319;12;300;18;295;29;303;46;324;29;323;26;318;35;315;39;315;39;336;63;383;42;413;55;448;57;476;26;457;36;454;75;492;79;560;78;595;91;643;76;656;38;649;70;667;137;767;110;853;128;940;76;951;68;935;66;912;82;894;93;918;55;940;67;893;65;848;57;787;27;705;52;656;56;667;49;668;41;624;30;562;27;550;17;502;28;460;27;458;42;474;40;443;26;412;11;383;7;360;23;349;11;338;21;346;38;353;24;347;12;330;5;300;26;295;21;309;28;335;18;353;28;379;11;386;
500178;praha 6;1;1;0;1;0;1;0;1;0;1;6;7;0;7;0;7;1;8;1;9;3;12;4;16;0;16;1;17;3;20;1;21;1;22;6;28;8;36;3;39;10;49;3;52;8;60;7;67;6;72;6;78;5;80;1;81;1;81;3;83;3;85;10;93;16;106;8;111;1;109;3;110;3;106;3;102;3;104;1;97;2;94;2;92;1;93;1;89;0;81;1;75;2;64;1;56;0;54;0;52;4;50;1;41;2;36;1;32;1;25;2;25;0;23;1;22;1;22;0;20;1;19;1;20;1;21;0;18;0;14;4;17;1;17;0;17;0;16;0;15;1;13;0;13;1;14;1;15;2;17;8;25;2;26;2;27;5;32;5;35;0;34;0;33;5;37;1;37;1;37;0;35;0;33;1;33;0;32;1;31;0;31;1;31;2;27;1;23;2;21;9;29;1;28;1;27;1;27;1;27;2;29;2;28;1;27;2;26;1;26;3;29;7;35;2;36;2;37;1;33;1;32;0;31;0;30;0;29;2;31;3;30;1;30;1;28;0;28;0;28;2;29;1;28;1;28;0;28;1;28;0;25;1;22;0;21;0;18;0;15;2;15;4;19;1;19;1;20;0;18;0;17;2;19;2;21;3;21;0;21;5;24;5;29;5;34;8;41;3;44;7;46;0;46;0;45;5;49;5;54;3;55;2;54;4;57;1;55;3;58;1;55;6;53;0;48;2;42;8;44;2;43;3;44;3;44;11;51;5;55;5;56;6;58;0;57;3;59;6;64;2;61;7;65;1;61;13;73;5;72;5;73;8;72;7;71;13;77;12;86;9;93;5;94;11;102;7;107;9;106;15;117;18;130;13;133;21;145;10;150;7;149;23;162;31;183;40;203;47;232;29;245;24;252;22;252;29;269;40;302;103;396;49;414;44;438;32;430;32;408;59;445;46;473;62;503;51;528;56;541;18;480;27;467;41;473;64;505;52;514;43;507;60;523;31;507;56;510;75;542;95;618;72;659;91;712;72;722;28;698;64;716;120;780;117;872;120;942;103;930;111;969;63;952;117;1002;144;1083;163;1218;171;1308;129;1308;141;1363;61;1284;114;1278;154;1334;121;1387;122;1338;91;1275;89;1197;36;1086;69;1007;86;1018;72;1022;81;915;70;853;38;827;14;718;47;685;50;674;158;785;50;745;49;713;32;676;14;624;51;619;24;621;41;651;53;631;39;566;31;514;11;491;33;474;63;513;48;553;30;578;44;620;13;631;
500186;praha 7;0;0;0;0;0;0;0;0;0;0;0;0;1;1;0;1;1;2;0;2;0;2;3;5;0;5;0;5;1;6;0;6;1;7;2;9;6;15;0;15;6;19;1;20;0;20;4;24;4;28;10;38;4;42;2;43;2;45;1;43;1;43;6;47;3;49;1;49;1;49;0;48;0;47;0;41;0;39;0;37;0;35;1;32;0;31;0;28;1;26;0;24;0;20;0;16;0;13;0;13;0;9;0;9;0;6;0;6;0;6;2;8;0;6;0;5;0;4;0;4;2;5;0;3;0;3;0;3;0;2;0;1;1;1;0;0;0;0;0;-1;1;0;0;0;0;0;1;1;0;1;0;1;1;2;0;2;0;2;0;2;0;2;0;2;0;1;0;1;0;1;0;1;0;0;0;0;0;0;0;0;0;0;0;-1;1;0;1;1;1;2;0;2;0;2;0;2;0;2;0;2;0;2;0;2;3;5;1;6;0;6;0;6;0;6;0;6;0;5;1;6;6;12;0;12;0;12;0;12;0;12;1;13;1;12;2;14;3;17;0;16;0;15;0;15;0;15;2;15;0;14;0;12;0;11;0;11;0;10;0;10;0;10;0;6;1;4;1;5;0;5;1;6;0;6;0;5;0;4;0;4;0;4;0;4;2;6;2;8;3;11;3;13;0;13;1;13;0;13;4;16;1;16;1;17;2;19;2;21;0;21;2;20;6;25;2;26;2;27;5;28;1;28;1;28;1;28;2;28;5;33;4;35;6;38;3;40;2;41;2;41;5;41;6;44;3;43;5;44;5;48;3;50;2;51;5;55;5;55;4;55;1;51;2;51;6;53;4;57;7;59;4;55;3;57;3;53;9;58;12;67;5;71;6;71;15;81;14;91;12;97;15;101;8;104;5;103;15;105;17;117;26;138;12;142;13;139;5;131;11;126;15;130;14;136;24;153;12;150;23;164;9;162;9;167;14;177;14;185;31;195;18;203;19;217;8;212;15;208;37;234;21;248;19;257;36;278;28;291;11;274;20;276;35;291;38;324;43;352;47;363;49;385;14;368;31;379;53;413;57;456;55;489;46;499;55;517;12;482;39;461;54;479;53;520;36;502;34;473;43;457;9;414;31;400;28;408;20;411;28;372;23;338;16;325;4;295;11;266;12;260;22;270;11;237;14;236;7;222;1;200;9;189;9;189;8;193;15;187;17;189;7;178;2;176;12;174;15;182;13;194;9;203;7;210;6;215;
500208;praha 8;0;0;0;0;0;0;0;0;0;0;0;0;0;0;0;0;0;0;1;1;0;1;0;1;0;1;3;4;7;11;3;14;2;16;4;20;5;25;0;25;7;32;2;34;5;38;7;45;6;51;6;57;11;68;9;77;2;79;3;81;4;84;4;86;10;95;2;94;4;98;8;105;5;107;4;107;14;114;1;106;2;104;3;101;1;97;0;94;0;85;6;85;2;82;3;75;5;78;1;73;2;73;1;63;2;64;0;60;3;58;3;57;0;57;1;55;1;55;0;53;0;45;4;49;0;47;0;43;0;37;0;34;1;30;1;31;2;31;0;29;1;30;1;30;0;28;0;25;0;21;1;20;1;21;1;22;2;23;0;23;3;25;1;24;1;24;1;25;0;25;0;24;0;23;1;23;2;24;0;23;0;21;0;21;0;16;0;14;1;15;2;16;0;15;0;15;0;13;2;15;0;14;0;13;0;8;0;7;2;9;2;10;2;12;2;14;4;17;3;19;1;20;1;21;0;20;2;21;2;21;1;22;0;22;1;23;2;24;1;24;0;24;0;23;0;14;3;15;0;14;0;14;0;13;0;13;0;12;1;7;2;9;0;8;0;7;0;7;1;7;2;9;2;10;1;8;1;8;3;11;2;13;2;15;9;23;8;30;6;36;6;42;9;51;3;54;4;58;7;62;4;64;4;65;3;64;2;65;3;65;3;62;7;63;1;62;4;61;8;55;7;60;4;62;4;55;5;54;4;55;6;59;9;65;5;69;2;70;3;66;5;67;10;70;7;71;8;73;9;79;3;79;4;77;5;79;7;78;12;85;10;91;5;92;13;104;2;94;11;97;8;98;17;109;21;123;2;120;24;141;12;146;30;169;17;175;34;201;23;206;39;226;19;226;31;233;30;253;40;282;45;306;42;321;55;346;20;339;17;320;33;332;30;350;54;375;44;392;43;396;11;373;18;361;26;367;42;403;48;433;51;462;45;492;22;494;40;491;75;530;36;556;31;570;124;666;58;682;26;662;39;645;97;696;115;795;68;819;116;858;83;878;58;877;80;890;137;987;135;1095;159;1202;137;1240;105;1250;42;1183;143;1205;114;1232;86;1282;156;1320;123;1287;71;1195;20;1080;62;1009;67;1009;70;1038;96;995;55;910;38;874;23;757;32;696;49;712;47;735;41;689;55;680;31;633;14;581;25;560;35;580;42;599;50;598;54;600;22;586;12;558;35;545;34;558;30;578;16;587;32;610;26;635;
500216;praha 9;0;0;0;0;0;0;0;0;0;0;0;0;0;0;0;0;1;1;0;1;0;1;0;1;3;4;0;4;3;7;3;10;1;11;0;11;1;12;0;12;7;19;0;19;2;21;2;23;3;26;3;29;6;35;8;43;1;44;1;45;3;48;1;49;3;51;3;52;2;54;0;53;1;51;3;52;3;53;4;53;3;55;1;54;1;55;0;50;3;46;1;41;3;39;0;31;0;31;0;30;0;29;0;29;0;23;0;21;0;20;0;20;0;20;0;15;0;15;0;13;5;17;0;16;0;15;0;15;2;17;0;16;0;15;1;15;1;16;1;17;1;18;1;19;1;19;2;18;1;17;0;16;2;16;0;16;1;15;0;15;0;13;0;12;0;12;1;13;0;13;1;13;1;14;1;13;2;15;0;13;0;12;2;14;4;16;2;17;2;18;0;18;0;14;0;14;1;14;1;14;0;14;0;14;0;14;0;14;0;14;0;14;0;13;1;13;0;13;4;17;0;16;1;16;0;16;1;15;1;16;2;17;1;18;2;18;1;19;1;20;0;18;3;19;0;17;1;17;0;16;0;15;0;15;0;15;0;15;0;11;0;10;0;8;0;7;1;8;0;4;0;3;0;3;1;2;0;2;1;3;0;3;2;5;1;6;3;8;3;11;4;15;2;16;5;21;2;23;6;29;2;31;2;32;4;35;1;36;1;36;2;36;4;40;1;39;3;36;6;40;1;38;3;38;2;32;5;34;2;36;5;39;4;38;4;42;2;42;0;40;1;39;7;40;1;41;11;48;1;48;2;47;2;44;6;46;6;51;4;46;7;52;3;53;9;61;3;64;8;69;6;65;8;68;10;77;2;76;14;87;5;86;14;97;5;95;16;102;18;105;24;118;15;125;14;125;12;130;45;171;40;205;15;205;46;238;12;239;10;226;23;232;14;236;28;241;23;249;22;240;13;226;12;225;16;212;18;222;39;248;23;255;27;275;11;275;21;274;42;294;12;292;18;299;97;376;27;389;18;369;25;365;42;385;69;448;39;457;56;479;37;478;20;454;44;448;41;471;109;561;64;597;59;586;55;600;20;551;42;547;40;547;47;575;67;588;64;561;35;525;29;493;42;472;61;500;31;521;51;513;32;461;20;450;3;391;10;355;24;357;35;381;12;331;37;327;12;294;10;275;15;258;30;281;24;301;15;284;21;281;13;272;3;251;16;248;25;264;17;280;15;294;14;306;5;310;
538213;praha-horni pocernice;0;0;0;0;0;0;0;0;0;0;0;0;0;0;0;0;0;0;0;0;0;0;0;0;0;0;0;0;0;0;0;0;0;0;1;1;1;2;0;2;0;2;0;2;0;2;0;2;0;2;0;2;1;3;0;3;0;3;0;3;0;3;0;3;0;3;0;3;0;3;0;3;0;3;0;3;0;3;0;2;0;2;0;2;0;2;0;2;0;2;0;1;0;1;0;1;0;1;0;1;0;0;0;0;0;0;0;0;0;0;0;0;0;0;0;0;0;0;0;0;0;0;0;0;0;0;0;0;0;0;0;0;0;0;0;0;0;0;0;0;0;0;0;0;0;0;0;0;0;0;0;0;0;0;0;0;0;0;0;0;0;0;0;0;0;0;0;0;0;0;0;0;0;0;1;1;1;2;0;2;0;2;0;2;0;2;0;2;1;3;0;3;0;3;0;3;0;3;0;3;0;3;0;3;1;2;0;2;0;2;0;2;2;4;0;4;0;4;1;5;0;5;0;5;0;5;0;5;0;5;3;8;0;6;0;6;0;6;0;4;0;4;0;4;0;3;0;3;0;3;0;3;1;4;0;4;0;4;1;3;0;3;1;3;0;3;0;3;0;3;0;3;0;3;0;3;0;2;0;2;1;3;0;3;2;4;0;4;0;4;1;4;0;4;0;4;0;4;1;5;2;7;0;7;0;7;0;6;0;6;1;6;0;6;0;6;0;5;1;5;0;5;1;6;0;5;0;4;0;3;0;3;0;3;0;3;0;3;2;4;0;4;1;5;0;4;3;7;2;8;0;8;0;8;1;9;0;8;0;8;5;13;1;14;2;16;1;17;5;21;1;20;3;22;2;23;0;22;5;27;1;27;4;30;1;31;4;33;0;23;7;26;4;27;0;24;2;25;3;28;10;37;4;37;7;42;4;42;3;41;4;43;3;43;3;45;7;48;7;51;7;54;4;53;2;48;1;48;2;45;3;45;7;51;1;49;6;51;5;49;6;49;5;49;15;62;7;68;8;74;9;78;11;84;13;96;10;101;17;113;18;120;10;120;8;121;27;143;29;165;15;172;29;187;24;202;9;187;24;194;15;195;10;200;12;187;14;170;13;162;4;137;23;131;7;120;4;124;16;119;0;104;3;98;5;87;2;76;2;72;3;72;2;55;1;50;2;46;1;37;0;34;11;42;4;42;7;47;9;54;3;54;1;55;6;60;7;67;5;70;5;74;4;78;1;79;
547344;praha-kbely;0;0;0;0;0;0;0;0;0;0;0;0;0;0;0;0;0;0;0;0;0;0;0;0;0;0;0;0;0;0;1;1;0;1;0;1;1;2;1;3;0;3;0;3;0;3;0;3;0;3;0;3;0;3;1;4;0;4;1;5;2;7;0;7;0;7;0;7;0;6;0;6;0;6;0;4;0;4;0;4;0;3;0;3;0;3;0;2;0;1;0;1;0;0;0;0;0;0;0;0;0;0;0;0;0;0;0;0;0;0;0;0;0;0;0;0;0;0;0;0;0;0;2;2;0;2;0;2;0;2;2;4;0;4;0;4;0;4;0;4;0;4;0;4;0;4;0;4;0;4;0;4;0;4;0;4;2;5;0;5;0;5;0;4;0;4;0;4;0;3;0;3;0;3;0;3;0;3;0;3;0;3;0;3;0;2;0;2;0;1;0;1;0;0;0;0;0;0;0;0;0;0;0;0;3;3;1;4;0;4;1;5;0;5;0;5;0;5;0;5;0;5;0;5;0;5;0;5;0;5;0;3;0;3;0;2;0;2;0;1;0;1;1;2;0;2;0;2;0;2;1;3;0;2;0;2;0;2;0;2;0;2;0;2;0;2;0;2;0;1;1;2;1;3;0;3;0;3;0;2;0;2;0;2;0;2;0;2;0;2;2;4;0;4;1;5;0;5;1;5;1;5;0;5;0;5;0;5;0;5;2;7;1;8;0;8;1;9;0;7;0;7;0;7;0;5;0;5;0;5;2;7;0;7;0;7;1;7;0;4;0;3;0;3;0;3;0;3;0;3;0;3;0;3;0;3;1;2;2;4;2;6;0;6;1;6;0;6;1;7;0;7;0;7;1;8;1;9;0;9;0;9;1;9;0;6;1;6;2;6;4;10;0;10;0;9;1;9;5;14;7;21;3;23;5;28;0;25;0;24;5;27;4;31;3;33;6;37;6;40;2;38;0;36;3;36;7;43;7;49;2;47;6;52;0;49;3;47;7;50;7;55;5;59;18;74;3;69;6;67;3;68;14;77;18;95;11;103;14;109;16;110;5;103;17;116;18;132;23;149;21;160;17;163;16;167;6;157;9;144;11;141;19;155;23;162;17;152;9;143;7;134;7;124;12;128;10;133;11;124;6;111;6;98;4;90;3;79;8;79;11;88;6;85;15;95;9;93;2;86;0;81;3;77;8;83;4;74;11;78;3;71;1;68;0;53;2;53;1;54;6;60;4;63;3;66;
547417;praha-letnany;0;0;0;0;0;0;0;0;0;0;0;0;0;0;0;0;0;0;0;0;0;0;0;0;0;0;0;0;2;2;0;2;0;2;2;4;1;5;0;5;3;8;0;8;0;8;1;9;2;11;1;12;4;16;2;18;0;17;0;17;2;19;0;19;2;20;0;20;1;21;0;21;0;20;0;20;2;21;0;20;0;19;0;19;0;18;0;16;0;14;1;15;1;9;0;9;5;14;0;14;0;13;0;9;0;9;0;9;0;9;0;9;0;9;0;9;0;9;0;8;1;6;0;3;0;3;0;3;0;3;0;3;1;3;0;3;0;3;0;2;0;1;0;1;0;0;1;0;1;1;0;1;1;2;2;4;1;5;0;4;0;4;0;4;0;4;0;4;1;4;0;4;0;4;1;5;0;5;0;5;0;4;0;3;1;4;0;3;0;2;0;2;0;2;0;2;0;2;0;0;0;0;1;1;1;2;0;2;0;2;1;2;1;2;0;2;0;2;1;3;0;3;0;3;0;3;1;3;0;3;0;3;0;3;1;3;0;3;0;3;1;4;0;4;0;3;0;3;0;3;0;3;0;2;0;2;1;3;1;4;7;10;2;12;0;12;0;11;0;11;1;12;0;12;1;12;0;12;2;14;0;14;4;18;2;18;5;22;2;22;4;25;2;27;1;28;5;32;3;35;4;38;2;39;1;39;2;41;0;39;1;40;5;41;1;38;2;37;2;34;6;37;1;37;1;30;2;29;2;31;3;32;5;36;1;36;0;35;2;31;1;29;2;29;1;30;0;25;0;22;0;21;0;18;5;21;1;18;2;20;1;20;0;19;2;19;1;17;3;17;0;17;4;21;1;21;1;22;7;29;1;29;7;32;6;36;8;41;8;48;8;56;5;57;4;56;4;55;7;60;16;71;5;71;20;82;4;83;5;81;15;89;9;93;15;102;9;108;9;109;2;96;6;97;4;91;9;97;17;107;10;107;2;105;3;103;9;101;13;107;6;110;12;116;29;140;17;149;2;135;10;136;18;150;22;170;13;174;27;185;26;194;19;197;21;210;35;230;36;263;31;280;28;289;35;306;21;299;25;302;30;298;20;303;29;304;44;309;21;298;8;275;18;263;25;261;18;262;25;254;32;256;5;243;6;209;6;189;10;187;25;209;5;188;11;170;6;155;0;132;5;122;7;126;13;131;3;118;11;111;4;108;1;99;4;97;8;105;8;110;8;117;12;129;4;133;
539601;praha-radotin;0;0;0;0;0;0;0;0;0;0;0;0;1;1;0;1;0;1;0;1;0;1;0;1;0;1;0;1;4;5;0;5;0;5;1;6;1;7;3;10;0;10;0;10;0;10;0;10;1;11;2;13;1;14;0;14;0;14;0;14;1;15;0;15;1;15;0;15;0;15;0;15;0;13;0;13;1;13;0;13;1;14;2;15;0;15;0;15;0;13;3;15;1;15;1;16;2;18;0;18;1;18;0;18;0;18;0;18;0;17;0;17;0;15;0;13;0;13;0;12;0;10;0;10;0;10;0;8;0;7;0;7;0;6;1;6;0;5;2;7;1;8;1;6;0;6;0;6;0;6;0;6;0;6;0;6;0;6;0;6;0;6;0;5;0;5;0;5;0;5;0;5;0;4;0;4;1;4;0;4;0;4;0;4;0;2;0;2;1;2;0;1;1;2;0;2;0;1;2;3;1;4;0;4;0;4;0;4;1;5;0;5;0;5;0;5;0;4;0;4;0;4;0;4;0;4;0;4;0;4;0;4;0;4;1;4;0;4;0;4;0;4;0;1;0;1;0;1;0;1;0;1;0;1;0;1;0;1;0;0;0;0;0;0;0;0;0;0;0;0;0;0;0;0;0;0;0;0;1;1;1;2;0;2;2;4;1;5;0;5;2;7;0;7;0;7;0;7;1;8;1;9;3;12;2;14;0;13;0;12;3;13;0;13;0;13;2;14;0;14;1;13;0;13;1;12;2;14;1;15;0;12;1;11;1;12;0;11;2;11;1;12;0;11;0;11;0;11;0;10;0;10;1;10;0;8;2;9;3;11;2;12;1;13;1;14;3;14;2;16;3;19;1;19;1;20;3;23;4;25;6;31;7;36;4;35;7;38;4;39;4;42;1;42;3;42;3;39;6;43;14;48;3;46;6;51;2;46;4;47;11;55;7;59;8;65;7;68;7;72;12;70;7;72;11;80;7;84;16;96;17;104;3;103;14;112;14;118;21;130;14;133;12;140;36;164;30;187;10;181;12;177;28;190;26;213;24;223;17;216;25;224;10;215;21;205;39;223;22;235;37;258;34;264;35;276;15;268;21;264;20;264;28;280;31;266;22;269;15;253;9;226;10;196;22;201;25;212;10;195;10;176;4;163;8;145;9;134;14;138;14;145;11;130;2;109;2;101;5;97;4;93;9;95;4;95;5;83;7;77;3;72;5;72;8;76;4;77;4;79;8;86;2;87;6;91;
547174;praha-repy;0;0;0;0;0;0;0;0;0;0;0;0;0;0;0;0;0;0;0;0;1;1;0;1;0;1;0;1;1;2;0;2;0;2;1;3;0;3;1;4;1;5;0;5;1;6;0;6;0;6;0;6;0;6;2;8;0;8;0;8;1;9;2;10;0;10;0;9;0;9;0;9;0;8;0;8;0;7;0;7;0;7;0;7;0;7;0;6;0;5;0;4;0;3;0;2;0;2;0;2;0;2;0;1;0;0;1;1;0;1;0;1;0;1;0;1;1;2;1;3;1;4;0;4;0;4;0;4;0;4;0;4;0;4;1;4;0;4;0;4;0;3;0;3;0;3;0;3;0;2;0;2;0;2;0;2;0;1;0;0;0;0;0;0;1;1;0;1;1;2;0;2;0;2;1;3;0;3;0;3;0;3;0;3;0;3;1;4;0;4;0;4;1;5;0;5;1;6;0;6;0;4;0;4;0;4;0;4;0;4;0;4;0;4;0;3;0;3;0;3;0;2;0;2;0;1;0;1;1;2;0;2;0;2;0;2;0;2;0;2;0;2;0;2;0;2;0;2;0;2;0;2;0;2;0;2;0;2;0;2;0;1;0;1;1;2;0;2;0;2;0;2;0;2;0;2;0;2;0;2;0;2;1;3;1;4;2;6;0;6;3;8;0;8;0;8;1;9;0;9;1;10;0;10;2;12;2;14;0;14;1;13;1;12;0;12;0;10;1;11;0;11;1;12;1;12;6;18;5;22;3;24;0;23;0;20;0;20;0;19;1;20;1;20;0;20;2;21;0;21;0;20;2;20;1;16;3;14;0;11;5;16;1;16;2;18;1;19;3;21;4;25;4;27;3;30;2;32;2;34;3;34;9;43;6;46;3;45;5;41;7;44;5;48;6;49;5;53;9;61;20;76;9;76;8;80;6;85;4;81;12;87;11;95;12;103;4;99;10;98;4;89;5;84;6;82;10;85;19;102;13;103;8;102;19;112;13;121;26;139;16;151;17;164;27;183;17;190;10;180;15;182;32;200;26;219;35;245;36;254;12;245;15;245;38;264;42;289;35;314;37;328;35;331;24;334;26;322;34;321;38;344;21;347;30;333;24;314;20;294;10;268;18;255;20;259;15;251;20;223;15;206;11;197;6;171;5;152;11;151;24;168;18;162;12;153;12;154;8;149;13;144;6;142;12;149;7;142;15;147;9;143;4;129;10;127;15;135;10;145;12;156;14;169;7;175;
538931;praha-uhrineves;0;0;0;0;0;0;0;0;0;0;0;0;0;0;0;0;0;0;2;2;0;2;0;2;0;2;0;2;0;2;0;2;0;2;0;2;0;2;0;2;0;2;0;2;1;3;0;3;0;3;0;3;0;3;0;3;0;3;0;3;0;3;0;3;1;4;0;4;0;4;0;4;0;4;0;4;1;5;1;6;0;6;0;6;2;8;0;7;0;6;1;7;0;6;0;5;0;5;0;5;0;5;0;5;0;5;0;5;0;3;2;5;0;5;1;6;0;6;0;6;0;6;0;6;0;6;0;6;0;6;0;6;1;7;0;6;0;5;0;5;1;6;0;5;0;4;1;5;0;4;0;4;0;4;1;5;0;4;0;4;2;6;0;6;1;7;0;7;0;7;0;7;1;8;0;7;0;7;0;7;0;4;0;4;0;4;0;4;0;4;0;3;0;2;0;2;0;2;0;2;0;2;0;1;0;1;0;0;0;0;0;0;0;0;0;0;0;0;0;0;0;0;0;0;0;0;0;0;1;1;0;1;0;1;0;1;0;1;0;1;0;1;0;1;0;1;0;1;0;1;0;1;0;1;0;1;0;1;0;1;0;0;1;1;0;1;0;1;1;2;1;3;1;4;1;4;0;4;0;4;1;5;2;7;0;7;0;7;2;8;2;10;0;10;1;10;3;13;5;17;2;18;2;19;0;19;0;18;0;17;1;17;1;18;2;19;3;19;1;19;0;18;1;19;0;13;0;10;0;9;2;10;1;11;0;11;0;11;0;9;0;9;0;6;0;4;1;5;1;5;0;5;0;5;2;6;0;6;0;3;1;4;1;5;1;6;1;7;1;8;2;9;3;12;2;14;1;14;1;15;5;19;2;20;3;23;8;31;3;32;10;39;9;45;1;42;3;45;3;47;9;51;3;52;4;52;7;52;1;46;10;49;5;49;6;54;12;60;7;66;3;60;2;60;10;64;6;65;7;70;5;66;7;65;4;66;0;52;7;55;8;60;12;69;12;71;3;69;8;71;7;70;12;77;20;94;17;111;12;116;12;120;5;115;9;114;18;128;27;148;31;173;16;174;13;171;10;156;21;168;21;177;14;184;22;189;11;177;22;163;5;151;16;145;13;154;23;166;7;153;8;137;2;125;4;110;9;102;7;102;4;96;8;86;21;88;6;86;3;84;11;89;7;96;2;91;7;89;8;93;7;94;2;90;1;72;2;70;1;71;7;78;7;84;0;83;
538949;praha-ujezd nad lesy;0;0;0;0;0;0;0;0;0;0;0;0;0;0;0;0;0;0;0;0;0;0;0;0;0;0;0;0;0;0;0;0;0;0;3;3;0;3;0;3;1;4;0;4;1;5;2;7;2;9;0;9;0;9;2;11;1;12;1;13;0;13;2;15;0;15;1;16;0;15;0;15;1;16;0;15;0;15;0;14;0;12;0;11;1;11;1;12;0;11;0;8;0;6;0;5;0;5;0;5;1;6;0;6;0;6;0;5;0;5;0;5;0;5;0;5;0;5;0;5;1;5;0;5;0;5;0;5;0;4;2;6;0;6;0;6;0;4;0;2;0;2;1;3;0;3;1;4;0;4;0;4;0;4;0;4;1;5;0;5;0;5;0;5;0;5;0;3;0;2;0;1;0;1;0;1;0;1;0;1;0;1;0;1;0;1;1;0;0;0;0;0;0;0;0;0;0;0;1;1;0;1;0;1;0;1;1;2;0;2;0;2;0;2;0;2;0;2;0;2;0;2;0;2;0;2;0;2;0;2;0;1;0;1;0;1;0;1;0;1;0;1;0;0;0;-1;0;-1;0;-1;0;-1;0;-1;0;-1;0;-1;0;-1;1;0;1;1;0;1;0;1;0;1;0;1;0;1;0;1;0;1;0;1;0;1;0;1;1;2;0;1;0;0;0;0;0;0;0;0;0;0;0;0;0;0;1;1;0;1;0;1;0;1;0;0;1;1;1;2;0;2;1;3;0;3;1;4;1;5;1;6;1;6;1;7;0;7;1;8;0;8;0;7;0;7;0;6;0;6;2;7;1;8;0;6;0;5;0;5;1;4;1;5;1;6;1;6;1;7;0;7;0;7;0;6;1;7;1;7;0;6;0;6;1;7;3;9;1;10;0;9;1;8;6;13;4;16;4;19;3;22;9;31;8;36;5;40;4;43;3;46;1;46;4;44;9;50;7;52;3;50;3;47;4;47;3;46;3;48;2;48;3;48;5;51;12;58;2;57;5;59;9;65;5;67;7;71;12;80;4;82;3;82;5;80;11;81;18;97;6;98;17;105;14;110;12;115;15;123;26;146;16;159;22;175;25;186;14;188;8;182;17;175;24;187;11;187;12;173;14;171;13;163;11;146;9;141;12;141;8;138;15;136;11;127;9;127;1;114;3;98;6;97;8;102;3;91;12;90;0;85;2;73;2;67;1;64;2;65;6;62;6;62;2;60;0;49;1;45;2;47;5;52;2;54;2;56;1;57;
554782;x-x-x;0;-1;0;-1;0;-1;0;-1;0;-1;0;-1;0;-1;0;-1;0;-1;0;-1;0;-1;0;-1;0;-1;1;0;1;-1;1;0;1;1;0;1;1;2;1;3;1;4;0;4;3;7;0;7;0;7;0;7;4;11;1;12;0;12;0;12;0;12;0;12;1;11;0;11;0;9;1;10;2;12;2;14;2;14;0;13;3;11;0;9;0;7;1;6;1;5;0;3;1;-1;0;-4;0;-6;0;-7;1;-6;0;-9;0;-9;0;-9;1;-9;0;-9;0;-9;0;-10;0;-10;2;-8;2;-7;0;-9;0;-9;0;-10;0;-11;0;-11;1;-10;1;-9;0;-11;0;-11;0;-11;1;-11;1;-11;6;-5;3;-2;1;-1;3;2;0;2;3;2;5;6;1;1;0;1;0;1;0;1;1;2;1;0;0;-6;3;-4;1;-6;2;-8;3;-6;1;-6;0;-7;0;-12;4;-9;0;-11;1;-11;0;-11;1;-11;0;-12;0;-15;1;-15;0;-15;2;-18;1;-19;1;-19;0;-20;0;-24;2;-22;0;-23;2;-21;0;-22;0;-22;0;-23;2;-22;0;-23;2;-23;0;-26;0;-27;3;-24;0;-25;1;-24;1;-25;0;-25;2;-23;0;-24;0;-25;1;-24;0;-25;2;-23;2;-23;0;-25;0;-25;0;-25;1;-26;1;-26;0;-26;1;-26;0;-28;0;-29;2;-27;0;-27;3;-27;3;-25;4;-23;1;-22;1;-21;2;-19;1;-20;2;-21;5;-17;1;-17;4;-13;2;-11;4;-8;2;-9;6;-6;1;-9;2;-10;3;-10;2;-10;1;-9;5;-9;5;-8;6;-4;3;-2;5;-5;4;-5;5;-1;3;-5;9;-1;9;2;3;3;11;10;6;14;1;15;11;19;5;20;10;27;11;32;14;40;5;38;8;39;4;35;11;39;15;44;18;53;16;64;4;59;14;66;9;63;27;84;28;99;23;107;21;108;25;112;21;114;28;126;16;133;33;154;55;186;32;202;42;224;26;223;38;236;43;252;36;258;54;282;27;282;30;281;16;253;9;222;24;220;35;233;49;241;43;258;37;270;40;287;36;294;62;335;107;429;61;478;104;555;41;565;35;551;42;560;50;572;71;613;87;670;73;650;42;597;26;563;55;568;67;610;88;664;94;715;63;715;56;734;39;661;68;660;73;696;62;731;64;729;47;689;40;653;17;593;29;555;41;555;61;581;49;556;29;505;24;487;14;455;26;437;32;444;40;470;26;451;33;437;8;402;3;377;32;374;29;389;31;401;27;396;27;390;16;377;7;360;18;355;23;374;19;383;14;393;23;414;93;505;
